Country,Region,Year,Happiness Rank,Happiness Score,Economy,Family,Freedom,Health,Generosity,Trust
Switzerland,Western Europe,2015,1,7.5870000000000015,1.39651,1.34951,0.66557,0.94143,0.29678000000000004,0.41978
Iceland,Western Europe,2015,2,7.561,1.30232,1.40223,0.6287699999999999,0.94784,0.4363,0.14145
Denmark,Western Europe,2015,3,7.527,1.32548,1.36058,0.6493800000000001,0.87464,0.34139,0.48357
Norway,Western Europe,2015,4,7.522,1.459,1.33095,0.66973,0.88521,0.34699,0.36503
Canada,North America,2015,5,7.427,1.32629,1.32261,0.63297,0.90563,0.45811,0.32957
Finland,Western Europe,2015,6,7.4060000000000015,1.29025,1.31826,0.64169,0.8891100000000001,0.23351,0.41372
Netherlands,Western Europe,2015,7,7.377999999999999,1.32944,1.28017,0.6157600000000001,0.89284,0.4761,0.31814000000000003
Sweden,Western Europe,2015,8,7.364,1.33171,1.2890700000000002,0.6598,0.91087,0.36262,0.43844
New Zealand,Australia and New Zealand,2015,9,7.286,1.2501799999999998,1.31967,0.6393800000000001,0.90837,0.47501,0.42922
Australia,Australia and New Zealand,2015,10,7.284,1.33358,1.30923,0.6512399999999999,0.93156,0.43562,0.35637
Israel,Middle East and Northern Africa,2015,11,7.278,1.2285700000000002,1.22393,0.41319,0.91387,0.33172,0.07785
Costa Rica,Latin America and Caribbean,2015,12,7.226,0.95578,1.23788,0.63376,0.8602700000000001,0.25497,0.10583
Austria,Western Europe,2015,13,7.2,1.33723,1.29704,0.62433,0.8904200000000001,0.33088,0.18676
Mexico,Latin America and Caribbean,2015,14,7.187,1.02054,0.91451,0.48181,0.8144399999999999,0.14074,0.21312
United States,North America,2015,15,7.119,1.39451,1.24711,0.54604,0.86179,0.40105,0.1589
Brazil,Latin America and Caribbean,2015,16,6.983,0.98124,1.23287,0.49049,0.69702,0.14574,0.17521
Luxembourg,Western Europe,2015,17,6.9460000000000015,1.56391,1.21963,0.61583,0.91894,0.28034000000000003,0.37798
Ireland,Western Europe,2015,18,6.94,1.33596,1.36948,0.6177699999999999,0.89533,0.45901,0.28703
Belgium,Western Europe,2015,19,6.937,1.30782,1.28566,0.5845,0.8966700000000001,0.2225,0.2254
United Arab Emirates,Middle East and Northern Africa,2015,20,6.901,1.42727,1.12575,0.64157,0.80925,0.26428,0.38583
United Kingdom,Western Europe,2015,21,6.867000000000001,1.26637,1.28548,0.59625,0.90943,0.51912,0.32067
Oman,Middle East and Northern Africa,2015,22,6.853,1.36011,1.08182,0.63274,0.76276,0.21542,0.32524000000000003
Venezuela,Latin America and Caribbean,2015,23,6.81,1.04424,1.25596,0.42908,0.7205199999999999,0.05841,0.11069
Singapore,Southeastern Asia,2015,24,6.797999999999999,1.52186,1.02,0.54252,1.02525,0.31105,0.4921
Panama,Latin America and Caribbean,2015,25,6.7860000000000005,1.06353,1.1985,0.5421,0.79661,0.24434,0.0927
Germany,Western Europe,2015,26,6.75,1.32792,1.29937,0.6147699999999999,0.89186,0.28214,0.21843
Chile,Latin America and Caribbean,2015,27,6.67,1.10715,1.12447,0.44132,0.85857,0.33363000000000004,0.12869
Qatar,Middle East and Northern Africa,2015,28,6.6110000000000015,1.69042,1.0786,0.6404,0.79733,0.32573,0.52208
France,Western Europe,2015,29,6.575,1.27778,1.2603799999999998,0.55011,0.94579,0.12332,0.20646
Argentina,Latin America and Caribbean,2015,30,6.574,1.05351,1.24823,0.44974,0.78723,0.11451,0.08484
Czech Republic,Central and Eastern Europe,2015,31,6.505,1.17898,1.20643,0.46364,0.84483,0.10686,0.02652
Uruguay,Latin America and Caribbean,2015,32,6.485,1.06166,1.2089,0.6036199999999999,0.8116,0.2324,0.24558
Colombia,Latin America and Caribbean,2015,33,6.477,0.91861,1.2401799999999998,0.53466,0.69077,0.18401,0.0512
Thailand,Southeastern Asia,2015,34,6.455,0.9669,1.26504,0.5566399999999999,0.7385,0.5763,0.03187
Saudi Arabia,Middle East and Northern Africa,2015,35,6.4110000000000005,1.39541,1.0839299999999998,0.31048000000000003,0.72025,0.13706,0.32524000000000003
Spain,Western Europe,2015,36,6.329,1.23011,1.31379,0.45951,0.95562,0.18227,0.06398
Malta,Western Europe,2015,37,6.3020000000000005,1.2074,1.30203,0.60365,0.88721,0.51752,0.13585999999999998
Taiwan,Eastern Asia,2015,38,6.297999999999999,1.29098,1.07617,0.3974,0.8753,0.25376,0.08129
Kuwait,Middle East and Northern Africa,2015,39,6.295,1.5542200000000002,1.16594,0.55499,0.72492,0.16228,0.25609
Suriname,Latin America and Caribbean,2015,40,6.269,0.99534,0.972,0.5965699999999999,0.6082,0.16990999999999998,0.13633
Trinidad and Tobago,Latin America and Caribbean,2015,41,6.167999999999998,1.21183,1.18354,0.55884,0.61483,0.31844,0.0114
El Salvador,Latin America and Caribbean,2015,42,6.13,0.76454,1.02507,0.4035,0.67737,0.10692,0.11776
Guatemala,Latin America and Caribbean,2015,43,6.122999999999998,0.74553,1.04356,0.57733,0.64425,0.27489,0.09472
Uzbekistan,Central and Eastern Europe,2015,44,6.002999999999999,0.63244,1.34043,0.6582100000000001,0.59772,0.22837,0.30826
Slovakia,Central and Eastern Europe,2015,45,5.995,1.16891,1.26999,0.31751,0.7890199999999999,0.16893,0.03431
Japan,Eastern Asia,2015,46,5.987,1.27074,1.25712,0.49615,0.99111,0.10705,0.1806
South Korea,Eastern Asia,2015,47,5.984,1.24461,0.95774,0.33208000000000004,0.96538,0.18557,0.07857
Ecuador,Latin America and Caribbean,2015,48,5.975,0.8640200000000001,0.99903,0.48574,0.79075,0.11540999999999997,0.1809
Bahrain,Middle East and Northern Africa,2015,49,5.96,1.32376,1.21624,0.45492,0.74716,0.17362,0.306
Italy,Western Europe,2015,50,5.948,1.25114,1.19777,0.26236,0.95446,0.22823,0.02901
Bolivia,Latin America and Caribbean,2015,51,5.89,0.68133,0.97841,0.57414,0.5392,0.20536,0.08800000000000001
Moldova,Central and Eastern Europe,2015,52,5.8889999999999985,0.59448,1.01528,0.32818,0.61826,0.20951,0.01615
Paraguay,Latin America and Caribbean,2015,53,5.877999999999999,0.75985,1.30477,0.53899,0.66098,0.3424,0.08242000000000001
Kazakhstan,Central and Eastern Europe,2015,54,5.855,1.12254,1.12241,0.51649,0.64368,0.11827,0.08454
Slovenia,Central and Eastern Europe,2015,55,5.848,1.18498,1.27385,0.60855,0.8733700000000001,0.25328,0.03787
Lithuania,Central and Eastern Europe,2015,56,5.832999999999998,1.14723,1.25745,0.21342,0.73128,0.026410000000000003,0.01031
Nicaragua,Latin America and Caribbean,2015,57,5.8279999999999985,0.59325,1.14184,0.55475,0.7431399999999999,0.27815,0.19317
Peru,Latin America and Caribbean,2015,58,5.824,0.9001899999999999,0.97459,0.4149600000000001,0.73017,0.14982,0.05989
Belarus,Central and Eastern Europe,2015,59,5.813,1.0319200000000002,1.23289,0.37938,0.7360800000000001,0.11046,0.1909
Poland,Central and Eastern Europe,2015,60,5.791,1.12555,1.27948,0.53122,0.77903,0.16759000000000002,0.04212
Malaysia,Southeastern Asia,2015,61,5.77,1.12486,1.07023,0.5302399999999999,0.7239399999999999,0.33075,0.10501
Croatia,Central and Eastern Europe,2015,62,5.759,1.08254,0.79624,0.25883,0.78805,0.05444,0.0243
Libya,Middle East and Northern Africa,2015,63,5.754,1.13145,1.1186200000000002,0.41668,0.7038,0.18295,0.11023
Russia,Central and Eastern Europe,2015,64,5.716,1.13764,1.23617,0.36679,0.6692600000000001,0.00199,0.03005
Jamaica,Latin America and Caribbean,2015,65,5.709,0.81038,1.1510200000000002,0.50442,0.6874100000000001,0.2123,0.02299
North Cyprus,Western Europe,2015,66,5.695,1.20806,1.07008,0.49027,0.92356,0.26169000000000003,0.1428
Cyprus,Western Europe,2015,67,5.689,1.20813,0.89318,0.40672,0.92356,0.30638000000000004,0.06146
Algeria,Middle East and Northern Africa,2015,68,5.605,0.93929,1.07772,0.28579,0.61766,0.07822,0.17382999999999998
Kosovo,Central and Eastern Europe,2015,69,5.589,0.80148,0.81198,0.24749,0.63132,0.2831,0.04741
Turkmenistan,Central and Eastern Europe,2015,70,5.547999999999999,0.95847,1.22668,0.4761,0.53886,0.16979,0.30844
Mauritius,Sub-Saharan Africa,2015,71,5.477,1.00761,0.98521,0.56066,0.7095,0.37744,0.07521
Hong Kong,Eastern Asia,2015,72,5.474,1.38604,1.05818,0.59608,1.01328,0.39478,0.37124
Estonia,Central and Eastern Europe,2015,73,5.4289999999999985,1.15174,1.22791,0.44888,0.77361,0.0868,0.15184
Indonesia,Southeastern Asia,2015,74,5.399,0.8282700000000001,1.0870799999999998,0.46611,0.63793,0.51535,0.0
Vietnam,Southeastern Asia,2015,75,5.36,0.63216,0.91226,0.59444,0.7467600000000001,0.1686,0.10441
Turkey,Middle East and Northern Africa,2015,76,5.332000000000002,1.06098,0.94632,0.22815,0.73172,0.12253,0.15746
Kyrgyzstan,Central and Eastern Europe,2015,77,5.2860000000000005,0.47428,1.15115,0.43477,0.65088,0.3003,0.04232
Nigeria,Sub-Saharan Africa,2015,78,5.268,0.65435,0.90432,0.34334000000000003,0.16007000000000002,0.27233,0.0403
Bhutan,Southern Asia,2015,79,5.252999999999999,0.77042,1.10395,0.5320600000000001,0.57407,0.47998,0.15445
Azerbaijan,Central and Eastern Europe,2015,80,5.2120000000000015,1.02389,0.93793,0.3703,0.64045,0.07799,0.16065
Pakistan,Southern Asia,2015,81,5.194,0.59543,0.41411,0.12102,0.51466,0.33671,0.10464
Jordan,Middle East and Northern Africa,2015,82,5.192,0.90198,1.05392,0.40661,0.69639,0.11053,0.14293
Montenegro,Central and Eastern Europe,2015,82,5.192,0.97438,0.90557,0.1826,0.72521,0.1614,0.14296
China,Eastern Asia,2015,84,5.14,0.89012,0.94675,0.5169699999999999,0.81658,0.08185,0.02781
Zambia,Sub-Saharan Africa,2015,85,5.129,0.47038,0.91612,0.48827,0.29924,0.19591,0.12468
Romania,Central and Eastern Europe,2015,86,5.124,1.04345,0.8858799999999999,0.35068,0.7689,0.13748,0.006490000000000001
Serbia,Central and Eastern Europe,2015,87,5.122999999999998,0.92053,1.00964,0.20107,0.74836,0.19231,0.02617
Portugal,Western Europe,2015,88,5.102,1.15991,1.13935,0.51469,0.8751899999999999,0.13719,0.01078
Latvia,Central and Eastern Europe,2015,89,5.098,1.11312,1.09562,0.29671,0.72437,0.18226,0.06332
Philippines,Southeastern Asia,2015,90,5.073,0.70532,1.03516,0.62545,0.58114,0.24991,0.12279
Somaliland region,Sub-Saharan Africa,2015,91,5.057,0.18847,0.95152,0.46582,0.43873,0.5031800000000001,0.39928
Morocco,Middle East and Northern Africa,2015,92,5.013,0.7347899999999999,0.64095,0.4169100000000001,0.60954,0.07172,0.08546000000000001
Macedonia,Central and Eastern Europe,2015,93,5.007,0.91851,1.00232,0.33457,0.73545,0.22359,0.053270000000000005
Mozambique,Sub-Saharan Africa,2015,94,4.971,0.08308,1.02626,0.34037,0.09131,0.22269,0.15603
Albania,Central and Eastern Europe,2015,95,4.959,0.8786700000000001,0.8043399999999999,0.35733000000000004,0.81325,0.14272,0.06412999999999999
Bosnia and Herzegovina,Central and Eastern Europe,2015,96,4.949,0.8322299999999999,0.91916,0.09245,0.79081,0.24808,0.00227
Lesotho,Sub-Saharan Africa,2015,97,4.898,0.37545,1.04103,0.31767,0.07612000000000001,0.16388,0.12504
Dominican Republic,Latin America and Caribbean,2015,98,4.885,0.8953700000000001,1.17202,0.57672,0.66825,0.21684,0.14234000000000002
Laos,Southeastern Asia,2015,99,4.876,0.5906600000000001,0.73803,0.59591,0.54909,0.42192,0.24249
Mongolia,Eastern Asia,2015,100,4.874,0.82819,1.3006,0.43626,0.60268,0.3323,0.026660000000000003
Swaziland,Sub-Saharan Africa,2015,101,4.867,0.71206,1.07284,0.30658,0.07566,0.18259,0.0306
Greece,Western Europe,2015,102,4.857,1.15406,0.92933,0.07699,0.88213,0.0,0.013969999999999998
Lebanon,Middle East and Northern Africa,2015,103,4.839,1.02564,0.80001,0.33916,0.83947,0.21854,0.04582
Hungary,Central and Eastern Europe,2015,104,4.8,1.12094,1.20215,0.32112,0.75905,0.128,0.02758
Honduras,Latin America and Caribbean,2015,105,4.788,0.59532,0.95348,0.40148,0.6951,0.23027,0.06825
Tajikistan,Central and Eastern Europe,2015,106,4.7860000000000005,0.39047,0.8556299999999999,0.47216,0.5737899999999999,0.22974,0.15072
Tunisia,Middle East and Northern Africa,2015,107,4.739,0.88113,0.60429,0.26268,0.73793,0.06431,0.06358
Palestinian Territories,Middle East and Northern Africa,2015,108,4.715,0.59867,0.92558,0.24499,0.66015,0.11251,0.12905
Bangladesh,Southern Asia,2015,109,4.694,0.39753,0.4310600000000001,0.4082,0.60164,0.21222,0.12569
Iran,Middle East and Northern Africa,2015,110,4.686,1.0088,0.54447,0.30033000000000004,0.69805,0.38086,0.05863
Ukraine,Central and Eastern Europe,2015,111,4.681,0.79907,1.20278,0.25123,0.6739,0.15275,0.02961
Iraq,Middle East and Northern Africa,2015,112,4.677,0.98549,0.81889,0.0,0.60237,0.17922000000000002,0.13788
South Africa,Sub-Saharan Africa,2015,113,4.642,0.92049,1.18468,0.33207,0.27688,0.11973,0.08884
Ghana,Sub-Saharan Africa,2015,114,4.633,0.5455800000000001,0.6795399999999999,0.42342,0.40132,0.23087,0.04355
Zimbabwe,Sub-Saharan Africa,2015,115,4.61,0.271,1.03276,0.25861,0.33475,0.18987,0.08079
Liberia,Sub-Saharan Africa,2015,116,4.5710000000000015,0.0712,0.78968,0.28531,0.34201,0.24362,0.062320000000000014
India,Southern Asia,2015,117,4.565,0.64499,0.38174,0.39786,0.5152899999999999,0.26475,0.08492000000000001
Sudan,Sub-Saharan Africa,2015,118,4.55,0.52107,1.01404,0.10081,0.36878,0.19062,0.1466
Haiti,Latin America and Caribbean,2015,119,4.518,0.26673,0.74302,0.24425,0.38847,0.46187,0.17175
Congo (Kinshasa),Sub-Saharan Africa,2015,120,4.517,0.0,1.0012,0.22605,0.09806,0.24834,0.07625
Nepal,Southern Asia,2015,121,4.5139999999999985,0.35997,0.86449,0.38282,0.5687399999999999,0.32296,0.05907
Ethiopia,Sub-Saharan Africa,2015,122,4.512,0.19073,0.60406,0.4345,0.44055,0.24325,0.15048
Sierra Leone,Sub-Saharan Africa,2015,123,4.507,0.33024000000000003,0.95571,0.4084,0.0,0.21488,0.08786000000000001
Mauritania,Sub-Saharan Africa,2015,124,4.436,0.45407,0.86908,0.24232,0.35874,0.219,0.17461
Kenya,Sub-Saharan Africa,2015,125,4.419,0.36471,0.99876,0.42215,0.41435,0.37542,0.05839
Djibouti,Sub-Saharan Africa,2015,126,4.369,0.44025,0.59207,0.46074,0.36291,0.18093,0.28105
Armenia,Central and Eastern Europe,2015,127,4.35,0.7682100000000001,0.7771100000000001,0.19847,0.7299,0.07855,0.039
Botswana,Sub-Saharan Africa,2015,128,4.332,0.99355,1.10464,0.49495,0.04776,0.10461,0.12474
Myanmar,Southeastern Asia,2015,129,4.307,0.27108000000000004,0.70905,0.44017,0.4824600000000001,0.79588,0.19034
Georgia,Central and Eastern Europe,2015,130,4.297,0.7419,0.38562,0.40577,0.72926,0.055470000000000005,0.38331
Malawi,Sub-Saharan Africa,2015,131,4.292,0.016040000000000002,0.41134,0.43054,0.22562,0.33128,0.06977
Sri Lanka,Southern Asia,2015,132,4.271,0.83524,1.01905,0.5372600000000001,0.70806,0.40828,0.09179
Cameroon,Sub-Saharan Africa,2015,133,4.252,0.4225,0.8876700000000001,0.49309,0.23402,0.20618000000000006,0.05786
Bulgaria,Central and Eastern Europe,2015,134,4.218,1.01216,1.10614,0.30587,0.76649,0.11921,0.00872
Egypt,Middle East and Northern Africa,2015,135,4.194,0.8818,0.747,0.17288,0.61712,0.11291,0.06324
Yemen,Middle East and Northern Africa,2015,136,4.077,0.5464899999999999,0.68093,0.35571,0.40064,0.09131,0.07854
Angola,Sub-Saharan Africa,2015,137,4.033,0.75778,0.8604,0.10384000000000003,0.16683,0.12344,0.07122
Mali,Sub-Saharan Africa,2015,138,3.995,0.26074,1.03526,0.38857,0.20583,0.18798,0.12352
Congo (Brazzaville),Sub-Saharan Africa,2015,139,3.989,0.67866,0.6629,0.41466,0.31051,0.12388,0.11686
Comoros,Sub-Saharan Africa,2015,140,3.956,0.23906,0.79273,0.22917,0.36315,0.17440999999999998,0.199
Uganda,Sub-Saharan Africa,2015,141,3.931,0.21102,1.13299,0.45727,0.33861,0.29066,0.07267
Senegal,Sub-Saharan Africa,2015,142,3.904,0.36498,0.97619,0.36772,0.4354,0.20843000000000006,0.10713
Gabon,Sub-Saharan Africa,2015,143,3.896,1.06024,0.90528,0.31914000000000003,0.43372,0.06822,0.11091
Niger,Sub-Saharan Africa,2015,144,3.845,0.0694,0.77265,0.47692,0.29707,0.19387,0.15639
Cambodia,Southeastern Asia,2015,145,3.819,0.46038,0.62736,0.66246,0.61114,0.40359,0.07247
Tanzania,Sub-Saharan Africa,2015,146,3.781,0.2852,1.00268,0.32878,0.38215,0.34377,0.057470000000000014
Madagascar,Sub-Saharan Africa,2015,147,3.681,0.20824,0.66801,0.19184,0.46721,0.21333,0.08123999999999999
Central African Republic,Sub-Saharan Africa,2015,148,3.678,0.0785,0.0,0.48879,0.06699,0.23835,0.08288999999999999
Chad,Sub-Saharan Africa,2015,149,3.667,0.34193,0.76062,0.23501,0.1501,0.18386,0.05269
Guinea,Sub-Saharan Africa,2015,150,3.656,0.17417,0.46475,0.37725,0.24009,0.28657,0.12139
Ivory Coast,Sub-Saharan Africa,2015,151,3.655,0.46534,0.77115,0.46866,0.15185,0.20165,0.17922000000000002
Burkina Faso,Sub-Saharan Africa,2015,152,3.587,0.25812,0.85188,0.39493,0.27125,0.21747,0.12832000000000002
Afghanistan,Southern Asia,2015,153,3.575,0.31982,0.30285,0.23414,0.30335,0.3651,0.09719
Rwanda,Sub-Saharan Africa,2015,154,3.465,0.22208000000000006,0.7737,0.59201,0.42864,0.22628,0.55191
Benin,Sub-Saharan Africa,2015,155,3.34,0.28665,0.35386,0.4845,0.3191,0.1826,0.0801
Syria,Middle East and Northern Africa,2015,156,3.006,0.6632,0.47489,0.15684,0.7219300000000001,0.47179,0.18906
Burundi,Sub-Saharan Africa,2015,157,2.905,0.0153,0.41587,0.1185,0.22396,0.19727,0.10062
Togo,Sub-Saharan Africa,2015,158,2.839,0.20868,0.13995,0.36453,0.28443,0.16681,0.10731
Denmark,Western Europe,2016,1,7.526,1.4417799999999998,1.16374,0.5794100000000001,0.79504,0.36171,0.44453
Switzerland,Western Europe,2016,2,7.508999999999999,1.52733,1.14524,0.58557,0.86303,0.28083,0.41203
Iceland,Western Europe,2016,3,7.501,1.42666,1.18326,0.56624,0.8673299999999999,0.47678,0.14975
Norway,Western Europe,2016,4,7.497999999999998,1.57744,1.1269,0.59609,0.79579,0.37895,0.35776
Finland,Western Europe,2016,5,7.4129999999999985,1.40598,1.13464,0.57104,0.81091,0.25492,0.41004
Canada,North America,2016,6,7.404,1.44015,1.0961,0.5737,0.8276,0.44834,0.31329
Netherlands,Western Europe,2016,7,7.338999999999999,1.46468,1.02912,0.55211,0.8123100000000001,0.47416,0.29927
New Zealand,Australia and New Zealand,2016,8,7.334,1.36066,1.17278,0.5814699999999999,0.83096,0.4940100000000001,0.41904
Australia,Australia and New Zealand,2016,9,7.313,1.44443,1.10476,0.5683699999999999,0.8512,0.47407,0.32331
Sweden,Western Europe,2016,10,7.291,1.45181,1.08764,0.58218,0.83121,0.38254,0.40867
Israel,Middle East and Northern Africa,2016,11,7.267,1.33766,0.99537,0.36432,0.8491700000000001,0.32288,0.08728
Austria,Western Europe,2016,12,7.119,1.45038,1.0838299999999998,0.54355,0.80565,0.32865,0.21348000000000006
United States,North America,2016,13,7.104,1.50796,1.04782,0.48163,0.779,0.41077,0.14868
Costa Rica,Latin America and Caribbean,2016,14,7.0870000000000015,1.06879,1.02152,0.55225,0.76146,0.22553,0.10547
Puerto Rico,Latin America and Caribbean,2016,15,7.039,1.35943,1.08113,0.46823,0.77758,0.22202,0.12275
Germany,Western Europe,2016,16,6.994,1.44787,1.09774,0.53466,0.81487,0.30452,0.28551
Brazil,Latin America and Caribbean,2016,17,6.952000000000001,1.08754,1.03938,0.40425,0.61415,0.15775999999999998,0.14165999999999998
Belgium,Western Europe,2016,18,6.9289999999999985,1.42539,1.05249,0.51354,0.8195899999999999,0.2424,0.26248
Ireland,Western Europe,2016,19,6.907,1.48341,1.16157,0.54008,0.81455,0.44963,0.29754
Luxembourg,Western Europe,2016,20,6.871,1.69752,1.03999,0.5487,0.8454200000000001,0.27571,0.35329
Mexico,Latin America and Caribbean,2016,21,6.778,1.1150799999999998,0.7146,0.37709,0.71143,0.11735,0.18355
Singapore,Southeastern Asia,2016,22,6.739,1.64555,0.8675799999999999,0.4877,0.94719,0.32706,0.46987
United Kingdom,Western Europe,2016,23,6.725,1.40283,1.08672,0.50036,0.80991,0.50156,0.27399
Chile,Latin America and Caribbean,2016,24,6.705,1.2167,0.90587,0.37789,0.8188300000000001,0.31595,0.11451
Panama,Latin America and Caribbean,2016,25,6.7010000000000005,1.18306,0.98912,0.48927,0.70835,0.2418,0.08423
Argentina,Latin America and Caribbean,2016,26,6.65,1.15137,1.0661200000000002,0.42284,0.69711,0.10989000000000003,0.07296
Czech Republic,Central and Eastern Europe,2016,27,6.596,1.30915,1.00793,0.41418,0.76376,0.09929,0.03986
United Arab Emirates,Middle East and Northern Africa,2016,28,6.573,1.57352,0.8711399999999999,0.56215,0.72993,0.26591,0.35561
Uruguay,Latin America and Caribbean,2016,29,6.545,1.18157,1.0314299999999998,0.54388,0.72183,0.18056,0.21394
Malta,Western Europe,2016,30,6.488,1.30782,1.09879,0.54994,0.80315,0.56237,0.17554
Colombia,Latin America and Caribbean,2016,31,6.481,1.03032,1.02169,0.44735,0.59659,0.15625999999999998,0.05399
France,Western Europe,2016,32,6.478,1.39488,1.00508,0.46562,0.83795,0.1216,0.17808
Thailand,Southeastern Asia,2016,33,6.474,1.0893,1.04477,0.49553,0.64915,0.58696,0.02833
Saudi Arabia,Middle East and Northern Africa,2016,34,6.379,1.48953,0.84829,0.37904,0.59267,0.15457,0.30008
Taiwan,Eastern Asia,2016,34,6.379,1.39729,0.92624,0.32377,0.79565,0.25495,0.0663
Qatar,Middle East and Northern Africa,2016,36,6.375,1.82427,0.87964,0.56679,0.71723,0.32388,0.48049
Spain,Western Europe,2016,37,6.3610000000000015,1.34253,1.12945,0.37545,0.8789600000000001,0.17665,0.061370000000000015
Algeria,Middle East and Northern Africa,2016,38,6.355,1.05266,0.83309,0.21006,0.6180399999999999,0.07044,0.16157
Guatemala,Latin America and Caribbean,2016,39,6.324,0.83454,0.8711899999999999,0.50379,0.5403899999999999,0.28808,0.08701
Suriname,Latin America and Caribbean,2016,40,6.269,1.09686,0.77866,0.5223399999999999,0.5093300000000001,0.16665,0.12692
Kuwait,Middle East and Northern Africa,2016,41,6.239,1.61714,0.8775799999999999,0.43166,0.63569,0.15965,0.23669
Bahrain,Middle East and Northern Africa,2016,42,6.218,1.44024,0.94397,0.47375,0.65696,0.17147,0.25772
Trinidad and Tobago,Latin America and Caribbean,2016,43,6.167999999999998,1.32572,0.98569,0.48453,0.52608,0.31935,0.01241
Venezuela,Latin America and Caribbean,2016,44,6.084,1.1336700000000002,1.03302,0.19847,0.6190399999999999,0.0425,0.08304
Slovakia,Central and Eastern Europe,2016,45,6.0779999999999985,1.27973,1.08268,0.23391,0.70367,0.13837,0.02947
El Salvador,Latin America and Caribbean,2016,46,6.068,0.8737,0.80975,0.37269,0.596,0.08877,0.10613
Malaysia,Southeastern Asia,2016,47,6.005,1.25142,0.88025,0.39031,0.62366,0.41474,0.09081
Nicaragua,Latin America and Caribbean,2016,48,5.992000000000001,0.69384,0.8952100000000001,0.46582,0.65213,0.29773,0.16292
Uzbekistan,Central and Eastern Europe,2016,49,5.987,0.7359100000000001,1.1681,0.60848,0.50163,0.34326,0.28333
Italy,Western Europe,2016,50,5.977,1.35495,1.04167,0.18827,0.8510200000000001,0.16684000000000002,0.02556
Ecuador,Latin America and Caribbean,2016,51,5.976,0.97306,0.85974,0.4027,0.68613,0.10074,0.18037
Belize,Latin America and Caribbean,2016,52,5.956,0.87616,0.68655,0.51231,0.45569,0.23684,0.10771
Japan,Eastern Asia,2016,53,5.921,1.38007,1.06054,0.46761,0.91491,0.10224,0.18985
Kazakhstan,Central and Eastern Europe,2016,54,5.919,1.22943,0.95544,0.4052,0.57386,0.15011,0.11132
Moldova,Central and Eastern Europe,2016,55,5.897,0.69177,0.8313200000000001,0.25202,0.5230899999999999,0.19997,0.01903
Russia,Central and Eastern Europe,2016,56,5.856,1.2322799999999998,1.05261,0.32682,0.58991,0.02736,0.03586
Poland,Central and Eastern Europe,2016,57,5.835,1.24585,1.04685,0.4519,0.69058,0.14443,0.055
South Korea,Eastern Asia,2016,57,5.835,1.35948,0.7219399999999999,0.25168,0.88645,0.18824,0.07716
Bolivia,Latin America and Caribbean,2016,59,5.822,0.79422,0.8377899999999999,0.50961,0.4697,0.21698,0.07746
Lithuania,Central and Eastern Europe,2016,60,5.813,1.2692,1.06411,0.18929,0.64674,0.02025,0.0182
Belarus,Central and Eastern Europe,2016,61,5.8020000000000005,1.1306200000000002,1.04993,0.29091,0.6310399999999999,0.13942000000000002,0.17457
North Cyprus,Western Europe,2016,62,5.771,1.31141,0.81826,0.43596,0.8414200000000001,0.26322,0.16577999999999998
Slovenia,Central and Eastern Europe,2016,63,5.768,1.29947,1.05613,0.53164,0.79151,0.25738,0.03635
Peru,Latin America and Caribbean,2016,64,5.7429999999999986,0.99602,0.81255,0.37502,0.6299399999999999,0.14527,0.05292
Turkmenistan,Central and Eastern Europe,2016,65,5.658,1.08017,1.03817,0.37408,0.4400600000000001,0.22567,0.28467
Mauritius,Sub-Saharan Africa,2016,66,5.648,1.14372,0.75695,0.46145,0.66189,0.36951,0.052029999999999986
Libya,Middle East and Northern Africa,2016,67,5.615,1.0668799999999998,0.95076,0.40672,0.52304,0.17087,0.10339
Latvia,Central and Eastern Europe,2016,68,5.56,1.21788,0.95025,0.27996,0.63952,0.17445,0.0889
Cyprus,Western Europe,2016,69,5.546,1.31857,0.70697,0.29507,0.8488,0.27906,0.052279999999999986
Paraguay,Latin America and Caribbean,2016,70,5.5379999999999985,0.8937299999999999,1.11111,0.46235,0.58295,0.25296,0.07396
Romania,Central and Eastern Europe,2016,71,5.528,1.1697,0.7280300000000001,0.36712,0.67602,0.12889,0.006790000000000001
Estonia,Central and Eastern Europe,2016,72,5.517,1.27964,1.0516299999999998,0.41511,0.68098,0.08423,0.18519
Jamaica,Latin America and Caribbean,2016,73,5.51,0.89333,0.96372,0.43597,0.5946899999999999,0.22245,0.04294
Croatia,Central and Eastern Europe,2016,74,5.488,1.18649,0.6080899999999999,0.23907,0.70524,0.18434,0.04002
Hong Kong,Eastern Asia,2016,75,5.457999999999998,1.5107,0.87021,0.48079,0.95277,0.40097,0.31647
Somalia,Sub-Saharan Africa,2016,76,5.44,0.0,0.33613000000000004,0.5677800000000001,0.11465999999999997,0.27225,0.3118
Kosovo,Central and Eastern Europe,2016,77,5.401,0.90145,0.66062,0.14396,0.54,0.27992,0.06547
Turkey,Middle East and Northern Africa,2016,78,5.3889999999999985,1.1649200000000002,0.8771700000000001,0.23889,0.64718,0.04707,0.12348
Indonesia,Southeastern Asia,2016,79,5.314,0.95104,0.87625,0.39237,0.49374,0.56521,0.00322
Jordan,Middle East and Northern Africa,2016,80,5.303,0.99673,0.86216,0.36023,0.60712,0.14262,0.13297
Azerbaijan,Central and Eastern Europe,2016,81,5.291,1.12373,0.76042,0.35327,0.54504,0.0564,0.17914000000000002
Philippines,Southeastern Asia,2016,82,5.279,0.81217,0.87877,0.5485399999999999,0.4703600000000001,0.21674,0.11757
China,Eastern Asia,2016,83,5.245,1.0278,0.79381,0.44012,0.73561,0.04959,0.02745
Bhutan,Southern Asia,2016,84,5.1960000000000015,0.8527,0.90836,0.46074,0.49759,0.4854600000000001,0.1616
Kyrgyzstan,Central and Eastern Europe,2016,85,5.185,0.5604399999999999,0.95434,0.40212,0.5544899999999999,0.38432,0.04762
Serbia,Central and Eastern Europe,2016,86,5.1770000000000005,1.03437,0.81329,0.15718,0.6458,0.20737,0.04339
Bosnia and Herzegovina,Central and Eastern Europe,2016,87,5.1629999999999985,0.93383,0.64367,0.09511,0.7076600000000001,0.29889,0.0
Montenegro,Central and Eastern Europe,2016,88,5.1610000000000005,1.07838,0.74173,0.15111,0.6353300000000001,0.17190999999999998,0.12721
Dominican Republic,Latin America and Caribbean,2016,89,5.155,1.02787,0.99496,0.52259,0.5766899999999999,0.21286,0.12372
Morocco,Middle East and Northern Africa,2016,90,5.151,0.8405799999999999,0.38595,0.25646,0.5947100000000001,0.04053,0.08404
Hungary,Central and Eastern Europe,2016,91,5.145,1.24142,0.93164,0.1977,0.67608,0.099,0.04472
Pakistan,Southern Asia,2016,92,5.1320000000000014,0.68816,0.26135,0.14622000000000002,0.40306,0.31185,0.1388
Lebanon,Middle East and Northern Africa,2016,93,5.129,1.12268,0.64184,0.26228,0.76171,0.23693000000000006,0.03061
Portugal,Western Europe,2016,94,5.122999999999998,1.27607,0.94367,0.44727,0.7936300000000001,0.11691,0.01521
Macedonia,Central and Eastern Europe,2016,95,5.121,1.0193,0.78236,0.27668000000000004,0.6473800000000001,0.23507,0.07047
Vietnam,Southeastern Asia,2016,96,5.061,0.74037,0.7911699999999999,0.5595399999999999,0.66157,0.25075,0.11556
Somaliland Region,Sub-Saharan Africa,2016,97,5.057,0.25558000000000003,0.75862,0.3913,0.33108000000000004,0.51479,0.36794
Tunisia,Middle East and Northern Africa,2016,98,5.045,0.97724,0.43165,0.23553,0.59577,0.03936,0.0817
Greece,Western Europe,2016,99,5.033,1.24886,0.75473,0.058220000000000015,0.80029,0.0,0.04127
Tajikistan,Central and Eastern Europe,2016,100,4.996,0.48835,0.75602,0.43408,0.5311899999999999,0.25998000000000004,0.13509000000000002
Mongolia,Eastern Asia,2016,101,4.907,0.98853,1.08983,0.35972,0.55469,0.34539000000000003,0.03285
Laos,Southeastern Asia,2016,102,4.876,0.68042,0.5497,0.52168,0.38291,0.43079,0.22423
Nigeria,Sub-Saharan Africa,2016,103,4.875,0.75216,0.64498,0.27854,0.05108,0.23219,0.0305
Honduras,Latin America and Caribbean,2016,104,4.871,0.69429,0.7559600000000001,0.26755,0.5838300000000001,0.2044,0.06906
Iran,Middle East and Northern Africa,2016,105,4.813,1.11758,0.38857,0.22544,0.64232,0.38538,0.0557
Zambia,Sub-Saharan Africa,2016,106,4.795,0.61202,0.6376,0.42662,0.23573,0.17866,0.11479
Nepal,Southern Asia,2016,107,4.793,0.4462600000000001,0.69699,0.37012,0.50073,0.3816,0.07007999999999999
Palestinian Territories,Middle East and Northern Africa,2016,108,4.754,0.67024,0.71629,0.17744,0.56844,0.11154,0.10613
Albania,Central and Eastern Europe,2016,109,4.655,0.9553,0.50163,0.31866,0.73007,0.1684,0.05301
Bangladesh,Southern Asia,2016,110,4.643,0.54177,0.24749,0.39778,0.52989,0.19132,0.12583
Sierra Leone,Sub-Saharan Africa,2016,111,4.635,0.36485,0.628,0.30685,0.0,0.23897,0.08196
Iraq,Middle East and Northern Africa,2016,112,4.575,1.07474,0.59205,0.24856,0.51076,0.19589,0.13635999999999998
Namibia,Sub-Saharan Africa,2016,113,4.574,0.93287,0.70362,0.48614,0.34745,0.07795,0.10398
Cameroon,Sub-Saharan Africa,2016,114,4.513,0.5249699999999999,0.62542,0.42736,0.12697999999999998,0.2268,0.06126
Ethiopia,Sub-Saharan Africa,2016,115,4.508,0.29283000000000003,0.37932,0.36703,0.34578000000000003,0.29522,0.1717
South Africa,Sub-Saharan Africa,2016,116,4.459,1.02416,0.96053,0.42483,0.18611,0.13656,0.08415
Sri Lanka,Southern Asia,2016,117,4.415,0.97318,0.84783,0.50817,0.62007,0.46978,0.07964
India,Southern Asia,2016,118,4.404,0.74036,0.29247,0.40285,0.45091,0.25028,0.08722
Myanmar,Southeastern Asia,2016,119,4.395,0.34112,0.69981,0.42692,0.3988,0.81971,0.20243
Egypt,Middle East and Northern Africa,2016,120,4.362,0.95395,0.49813,0.18847,0.5211600000000001,0.12705999999999998,0.10393
Armenia,Central and Eastern Europe,2016,121,4.36,0.8608600000000001,0.6247699999999999,0.14037,0.64083,0.07793,0.036160000000000005
Kenya,Sub-Saharan Africa,2016,122,4.356,0.52267,0.7624,0.40576,0.30147,0.41328,0.06686
Ukraine,Central and Eastern Europe,2016,123,4.324,0.87287,1.01413,0.12859,0.58628,0.20363,0.01829
Ghana,Sub-Saharan Africa,2016,124,4.276,0.63107,0.49353,0.40973,0.29681,0.21203,0.0326
Congo (Kinshasa),Sub-Saharan Africa,2016,125,4.272,0.05661,0.80676,0.15602,0.188,0.25458000000000003,0.06075
Georgia,Central and Eastern Europe,2016,126,4.252,0.8379200000000001,0.19249,0.32461,0.64035,0.06786,0.3188
Congo (Brazzaville),Sub-Saharan Africa,2016,127,4.2360000000000015,0.7710899999999999,0.47799,0.37938,0.28212,0.12077,0.09753
Senegal,Sub-Saharan Africa,2016,128,4.2189999999999985,0.44314,0.7741600000000001,0.31056,0.40457,0.19103,0.11681
Bulgaria,Central and Eastern Europe,2016,129,4.217,1.11306,0.92542,0.21219,0.67806,0.12793,0.00615
Mauritania,Sub-Saharan Africa,2016,130,4.2010000000000005,0.6139100000000001,0.8414200000000001,0.1268,0.28639000000000003,0.22686,0.17955
Zimbabwe,Sub-Saharan Africa,2016,131,4.1930000000000005,0.35041,0.71478,0.25429,0.1595,0.18503,0.08582000000000001
Malawi,Sub-Saharan Africa,2016,132,4.1560000000000015,0.08709,0.147,0.4143,0.29364,0.30968,0.07564
Sudan,Sub-Saharan Africa,2016,133,4.1389999999999985,0.63069,0.8192799999999999,0.0,0.29759,0.18077,0.10039
Gabon,Sub-Saharan Africa,2016,134,4.121,1.15851,0.72368,0.28098,0.3494,0.06244,0.09314
Mali,Sub-Saharan Africa,2016,135,4.073,0.31292,0.8633299999999999,0.27544,0.16347,0.21064,0.13647
Haiti,Latin America and Caribbean,2016,136,4.0280000000000005,0.34097,0.29561,0.12072,0.27494,0.47958,0.14476
Botswana,Sub-Saharan Africa,2016,137,3.974,1.09426,0.89186,0.44089,0.34752,0.12425,0.10769
Comoros,Sub-Saharan Africa,2016,138,3.956,0.27509,0.60323,0.15412,0.29981,0.1827,0.18437
Ivory Coast,Sub-Saharan Africa,2016,139,3.916,0.55507,0.57576,0.40663,0.04476,0.20338,0.1553
Cambodia,Southeastern Asia,2016,140,3.907,0.55604,0.5375,0.5885199999999999,0.42494,0.40339,0.08092
Angola,Sub-Saharan Africa,2016,141,3.866,0.84731,0.66366,0.00589,0.04991,0.12070999999999997,0.08434
Niger,Sub-Saharan Africa,2016,142,3.856,0.1327,0.6053,0.38041,0.26162,0.2097,0.17176
South Sudan,Sub-Saharan Africa,2016,143,3.832,0.39394,0.18519,0.19662,0.15780999999999998,0.25899,0.13015
Chad,Sub-Saharan Africa,2016,144,3.763,0.42214,0.63178,0.12807000000000002,0.03824,0.18667,0.04952
Burkina Faso,Sub-Saharan Africa,2016,145,3.739,0.31995,0.63054,0.3337,0.21297,0.24353,0.12533
Uganda,Sub-Saharan Africa,2016,145,3.739,0.34719,0.90981,0.43653,0.19625,0.27102,0.06442
Yemen,Middle East and Northern Africa,2016,147,3.724,0.57939,0.47493,0.2287,0.31048000000000003,0.09821,0.058920000000000014
Madagascar,Sub-Saharan Africa,2016,148,3.695,0.27954,0.46115,0.13684000000000002,0.37109,0.2204,0.07506
Tanzania,Sub-Saharan Africa,2016,149,3.666,0.47155,0.77623,0.3176,0.35700000000000004,0.31472,0.05099
Liberia,Sub-Saharan Africa,2016,150,3.622,0.10706,0.50353,0.25748000000000004,0.23165,0.24063,0.04852
Guinea,Sub-Saharan Africa,2016,151,3.607,0.22415,0.3109,0.30953,0.18829,0.29914,0.1192
Rwanda,Sub-Saharan Africa,2016,152,3.515,0.32846,0.6158600000000001,0.5432,0.31865,0.23552,0.50521
Benin,Sub-Saharan Africa,2016,153,3.484,0.39499,0.10419,0.39747,0.21028,0.2018,0.06681000000000001
Afghanistan,Southern Asia,2016,154,3.36,0.38227,0.11037,0.1643,0.17344,0.31268,0.07112
Togo,Sub-Saharan Africa,2016,155,3.303,0.28123000000000004,0.0,0.34678000000000003,0.24811,0.17517,0.11587
Syria,Middle East and Northern Africa,2016,156,3.069,0.7471899999999999,0.14866,0.06912,0.6299399999999999,0.48397,0.17232999999999998
Burundi,Sub-Saharan Africa,2016,157,2.905,0.06831,0.23442,0.0432,0.15747,0.2029,0.09419
Norway,Western Europe,2017,1,7.537000179290769,1.61646318435669,1.53352355957031,0.635422587394714,0.796666502952576,0.36201223731041,0.31596383452415505
Denmark,Western Europe,2017,2,7.52199983596802,1.48238301277161,1.55112159252167,0.626006722450256,0.7925655245780941,0.3552804887294771,0.40077006816864
Iceland,Western Europe,2017,3,7.50400018692017,1.480633020401,1.6105740070343,0.6271626353263849,0.8335521221160892,0.475540220737457,0.15352655947208402
Switzerland,Western Europe,2017,4,7.49399995803833,1.5649795532226598,1.51691174507141,0.620070576667786,0.858131289482117,0.29054927825927696,0.3670072853565221
Finland,Western Europe,2017,5,7.468999862670901,1.44357192516327,1.5402467250824,0.6179508566856379,0.80915766954422,0.24548277258873,0.38261154294014
Netherlands,Western Europe,2017,6,7.3769998550415,1.50394463539124,1.42893922328949,0.5853844881057739,0.8106961250305179,0.470489829778671,0.282661825418472
Canada,North America,2017,7,7.31599998474121,1.47920441627502,1.48134899139404,0.611100912094116,0.83455765247345,0.435539722442627,0.287371516227722
New Zealand,Australia and New Zealand,2017,8,7.31400012969971,1.40570604801178,1.54819512367249,0.6140621304512021,0.816759705543518,0.500005125999451,0.38281670212745705
Sweden,Western Europe,2017,9,7.28399991989136,1.49438726902008,1.47816216945648,0.612924098968506,0.830875158309937,0.38539925217628496,0.384398728609085
Australia,Australia and New Zealand,2017,10,7.28399991989136,1.4844149351120002,1.5100419521331798,0.601607382297516,0.84388679265976,0.477699249982834,0.301183730363846
Israel,Middle East and Northern Africa,2017,11,7.212999820709231,1.3753824234008798,1.37628996372223,0.405988603830338,0.83840399980545,0.330082654953003,0.0852421000599861
Costa Rica,Latin America and Caribbean,2017,12,7.0789999961853,1.10970628261566,1.4164036512374898,0.580131649971008,0.7595092654228209,0.21461322903633104,0.100106589496136
Austria,Western Europe,2017,13,7.00600004196167,1.48709726333618,1.4599449634552,0.567766189575195,0.8153284192085269,0.316472321748734,0.22106036543846105
United States,North America,2017,14,6.993000030517581,1.54625928401947,1.4199205636978105,0.505740523338318,0.7742866277694699,0.392578780651093,0.135638788342476
Ireland,Western Europe,2017,15,6.977000236511231,1.5357066392898602,1.55823111534119,0.5731103420257571,0.8097826242446899,0.42785832285881,0.2983881533145901
Germany,Western Europe,2017,16,6.9510002136230495,1.48792338371277,1.47252035140991,0.562511384487152,0.798950731754303,0.33626917004585305,0.276731938123703
Belgium,Western Europe,2017,17,6.89099979400635,1.46378076076508,1.4623126983642598,0.5397707223892211,0.8180918693542479,0.23150333762168895,0.251343131065369
Luxembourg,Western Europe,2017,18,6.86299991607666,1.74194359779358,1.45758366584778,0.59662789106369,0.845089495182037,0.283180981874466,0.31883442401886
United Kingdom,Western Europe,2017,19,6.71400022506714,1.44163393974304,1.4964600801467902,0.508190035820007,0.805335938930511,0.492774158716202,0.265428066253662
Chile,Latin America and Caribbean,2017,20,6.65199995040894,1.25278460979462,1.28402495384216,0.376895278692245,0.8194797039031979,0.3266624212265011,0.0822879821062088
United Arab Emirates,Middle East and Northern Africa,2017,21,6.6479997634887695,1.6263433694839498,1.26641023159027,0.60834527015686,0.726798236370087,0.3609419465065,0.324489563703537
Brazil,Latin America and Caribbean,2017,22,6.63500022888184,1.10735321044922,1.43130600452423,0.437453746795654,0.6165523529052729,0.16234989464282998,0.111092761158943
Czech Republic,Central and Eastern Europe,2017,23,6.60900020599365,1.35268235206604,1.43388521671295,0.490946173667908,0.754444003105164,0.0881067588925362,0.0368729270994663
Argentina,Latin America and Caribbean,2017,24,6.59899997711182,1.18529546260834,1.44045114517212,0.4945192039012911,0.695137083530426,0.109457060694695,0.059739887714385986
Mexico,Latin America and Caribbean,2017,25,6.57800006866455,1.15318381786346,1.210862159729,0.412730008363724,0.709978997707367,0.120990432798862,0.132774114608765
Singapore,Southeastern Asia,2017,26,6.57200002670288,1.69227766990662,1.35381436347961,0.549840569496155,0.9494923949241642,0.345965981483459,0.46430778503418
Malta,Western Europe,2017,27,6.52699995040894,1.34327983856201,1.48841166496277,0.588767051696777,0.821944236755371,0.5747305750846861,0.153066068887711
Uruguay,Latin America and Caribbean,2017,28,6.4539999961853,1.21755969524384,1.41222786903381,0.5793922543525699,0.719216823577881,0.175096929073334,0.17806187272071802
Guatemala,Latin America and Caribbean,2017,29,6.4539999961853,0.872001945972443,1.25558519363403,0.5313106179237371,0.540239989757538,0.283488392829895,0.0772232785820961
Panama,Latin America and Caribbean,2017,30,6.4520001411438,1.23374843597412,1.3731925487518302,0.550026834011078,0.706156134605408,0.21055693924427,0.070983923971653
France,Western Europe,2017,31,6.44199991226196,1.43092346191406,1.38777685165405,0.470222115516663,0.8444658517837521,0.129762306809425,0.172502428293228
Thailand,Southeastern Asia,2017,32,6.423999786376951,1.12786877155304,1.4257924556732198,0.580200731754303,0.647239029407501,0.572123110294342,0.0316127352416515
Taiwan Province of China,,2017,33,6.42199993133545,1.4336265325546298,1.38456535339355,0.361466586589813,0.793984234333038,0.258360475301743,0.0638292357325554
Spain,Western Europe,2017,34,6.40299987792969,1.38439786434174,1.53209090232849,0.408781230449677,0.888960599899292,0.190133571624756,0.0709140971302986
Qatar,Middle East and Northern Africa,2017,35,6.375,1.87076568603516,1.27429687976837,0.604130983352661,0.7100980877876278,0.33047387003898604,0.4392992556095121
Colombia,Latin America and Caribbean,2017,36,6.35699987411499,1.07062232494354,1.4021829366683998,0.477487415075302,0.595027923583984,0.14901447296142598,0.0466687418520451
Saudi Arabia,Middle East and Northern Africa,2017,37,6.343999862670901,1.53062355518341,1.28667759895325,0.449750572443008,0.590148329734802,0.147616013884544,0.27343225479126004
Trinidad and Tobago,Latin America and Caribbean,2017,38,6.1680002212524405,1.36135590076447,1.3802285194397,0.518630743026733,0.5199832916259771,0.32529646158218395,0.00896481610834599
Kuwait,Middle East and Northern Africa,2017,39,6.10500001907349,1.63295245170593,1.25969874858856,0.496337592601776,0.6321057081222529,0.228289797902107,0.21515955030918105
Slovakia,Central and Eastern Europe,2017,40,6.09800004959106,1.32539355754852,1.5050592422485398,0.295817464590073,0.712732911109924,0.136544480919838,0.0242108516395092
Bahrain,Middle East and Northern Africa,2017,41,6.08699989318848,1.48841226100922,1.3231104612350502,0.536746919155121,0.653133034706116,0.17266848683357194,0.257042169570923
Malaysia,Southeastern Asia,2017,42,6.08400011062622,1.29121541976929,1.28464603424072,0.4022649824619289,0.618784427642822,0.416608929634094,0.0656007081270218
Nicaragua,Latin America and Caribbean,2017,43,6.07100009918213,0.737299203872681,1.28721570968628,0.447551846504211,0.6530959606170649,0.301674216985703,0.130687981843948
Ecuador,Latin America and Caribbean,2017,44,6.00799989700317,1.00082039833069,1.28616881370544,0.4551981985569,0.685636222362518,0.15011246502399406,0.140134647488594
El Salvador,Latin America and Caribbean,2017,45,6.0029997825622585,0.909784495830536,1.1821250915527302,0.432452529668808,0.596018552780151,0.0782579854130745,0.0899809598922729
Poland,Central and Eastern Europe,2017,46,5.97300004959106,1.29178786277771,1.44571197032928,0.520342111587524,0.699475347995758,0.158465966582298,0.0593078061938286
Uzbekistan,Central and Eastern Europe,2017,47,5.97100019454956,0.786441087722778,1.54896914958954,0.6582486629486078,0.498272627592087,0.415983647108078,0.246528223156929
Italy,Western Europe,2017,48,5.96400022506714,1.39506661891937,1.44492328166962,0.256450712680817,0.8531443476676941,0.17278964817523998,0.0280280914157629
Russia,Central and Eastern Europe,2017,49,5.962999820709231,1.28177809715271,1.46928238868713,0.373783111572266,0.547349333763123,0.0522638224065304,0.0329628810286522
Belize,Latin America and Caribbean,2017,50,5.955999851226809,0.907975316047668,1.08141779899597,0.5475093722343439,0.450191766023636,0.24001564085483604,0.0965810716152191
Japan,Eastern Asia,2017,51,5.92000007629395,1.41691517829895,1.43633782863617,0.505625545978546,0.9134758710861208,0.12057276815176,0.163760736584663
Lithuania,Central and Eastern Europe,2017,52,5.90199995040894,1.3145823478698702,1.47351610660553,0.234231784939766,0.62894994020462,0.010164656676352,0.0118656428530812
Algeria,Middle East and Northern Africa,2017,53,5.8720002174377415,1.09186446666718,1.1462174654007,0.233335807919502,0.6175846457481379,0.0694366469979286,0.14609611034393302
Latvia,Central and Eastern Europe,2017,54,5.849999904632571,1.26074862480164,1.40471494197845,0.325707912445068,0.638566970825195,0.153074786067009,0.0738427266478539
South Korea,Eastern Asia,2017,55,5.837999820709231,1.40167844295502,1.1282744407653795,0.257921665906906,0.900214076042175,0.206674367189407,0.0632826685905457
Moldova,Central and Eastern Europe,2017,56,5.837999820709231,0.7288706302642819,1.25182557106018,0.240729048848152,0.5894652009010309,0.20877912640571605,0.0100912861526012
Romania,Central and Eastern Europe,2017,57,5.824999809265139,1.21768391132355,1.15009129047394,0.457003742456436,0.6851583123207089,0.133519917726517,0.004387900698930029
Bolivia,Latin America and Caribbean,2017,58,5.82299995422363,0.833756566047668,1.22761905193329,0.5587329268455511,0.4736302495002751,0.22556072473526,0.0604777261614799
Turkmenistan,Central and Eastern Europe,2017,59,5.82200002670288,1.1307767629623402,1.49314916133881,0.41827192902565,0.437726080417633,0.24992498755455,0.2592703402042389
Kazakhstan,Central and Eastern Europe,2017,60,5.8189997673034695,1.2845562696456898,1.38436901569366,0.43745428323745705,0.6060415506362921,0.20196442306041695,0.11928288638591802
North Cyprus,Western Europe,2017,61,5.80999994277954,1.3469113111496,1.18630337715149,0.471203625202179,0.834647238254547,0.266845703125,0.155353352427483
Slovenia,Central and Eastern Europe,2017,62,5.75799989700317,1.3412059545517,1.4525188207626298,0.572575807571411,0.7908282279968258,0.242649093270302,0.0451289787888527
Peru,Latin America and Caribbean,2017,63,5.71500015258789,1.03522527217865,1.21877038478851,0.4500028789043429,0.6301661133766171,0.126819714903831,0.0470490865409374
Mauritius,Sub-Saharan Africa,2017,64,5.62900018692017,1.18939554691315,1.20956099033356,0.491247326135635,0.6380074620246889,0.360933750867844,0.0421815551817417
Cyprus,Western Europe,2017,65,5.62099981307983,1.35593807697296,1.13136327266693,0.35511153936386103,0.84471470117569,0.271254301071167,0.0412379764020443
Estonia,Central and Eastern Europe,2017,66,5.61100006103516,1.3208793401718102,1.47667109966278,0.479131430387497,0.695168316364288,0.0988908112049103,0.18324892222881306
Belarus,Central and Eastern Europe,2017,67,5.5689997673034695,1.15655755996704,1.4449452161788898,0.295400261878967,0.6377142667770389,0.15513750910759,0.156313821673393
Libya,Middle East and Northern Africa,2017,68,5.525000095367429,1.10180306434631,1.35756433010101,0.465733230113983,0.520169019699097,0.15207366645336198,0.0926102101802826
Turkey,Middle East and Northern Africa,2017,69,5.5,1.1982743740081798,1.33775317668915,0.300740599632263,0.6376056075096129,0.0466930419206619,0.0996715798974037
Paraguay,Latin America and Caribbean,2017,70,5.493000030517581,0.932537317276001,1.50728487968445,0.473507791757584,0.579250693321228,0.224150657653809,0.091065913438797
"Hong Kong S.A.R., China",,2017,71,5.47200012207031,1.55167484283447,1.26279091835022,0.490968644618988,0.943062424659729,0.374465793371201,0.293933749198914
Philippines,Southeastern Asia,2017,72,5.42999982833862,0.85769921541214,1.25391757488251,0.585214674472809,0.468009054660797,0.193513423204422,0.0993318930268288
Serbia,Central and Eastern Europe,2017,73,5.39499998092651,1.06931757926941,1.2581897974014298,0.20871552824974104,0.65078467130661,0.22012588381767295,0.0409037806093693
Jordan,Middle East and Northern Africa,2017,74,5.33599996566772,0.9910123944282528,1.23908889293671,0.418421149253845,0.6045900583267211,0.17217046022415194,0.11980327218771003
Hungary,Central and Eastern Europe,2017,75,5.32399988174438,1.2860119342803995,1.34313309192657,0.17586351931095098,0.6877634525299069,0.0784016624093056,0.0366369374096394
Jamaica,Latin America and Caribbean,2017,76,5.31099987030029,0.925579309463501,1.3682180643081698,0.474307239055634,0.6410223841667181,0.23381833732128104,0.0552677810192108
Croatia,Central and Eastern Europe,2017,77,5.2930002212524405,1.22255623340607,0.96798300743103,0.255772292613983,0.701288521289825,0.248002976179123,0.0431031100451946
Kosovo,Central and Eastern Europe,2017,78,5.27899980545044,0.951484382152557,1.13785350322723,0.260287940502167,0.541452050209045,0.319931447505951,0.0574716180562973
China,Eastern Asia,2017,79,5.2729997634887695,1.08116579055786,1.16083741188049,0.472787708044052,0.741415500640869,0.0288068410009146,0.0227942746132612
Pakistan,Southern Asia,2017,80,5.26900005340576,0.7268835306167599,0.6726906895637509,0.23521526157856,0.402047783136368,0.3154460191726681,0.124348066747189
Indonesia,Southeastern Asia,2017,81,5.26200008392334,0.995538592338562,1.27444469928741,0.443323463201523,0.4923457205295561,0.611704587936401,0.0153171354904771
Venezuela,Latin America and Caribbean,2017,82,5.25,1.12843120098114,1.43133759498596,0.15399712324142498,0.617144227027893,0.0650196298956871,0.0644911229610443
Montenegro,Central and Eastern Europe,2017,83,5.23699998855591,1.12112903594971,1.23837649822235,0.194989055395126,0.6674646735191351,0.197911024093628,0.0881741940975189
Morocco,Middle East and Northern Africa,2017,84,5.2350001335144,0.8781145811080929,0.774864435195923,0.408158332109451,0.59771066904068,0.0322099551558495,0.0877631828188896
Azerbaijan,Central and Eastern Europe,2017,85,5.2340002059936515,1.1536017656326298,1.15240025520325,0.3981558382511141,0.5407757759094239,0.0452693402767181,0.180987507104874
Dominican Republic,Latin America and Caribbean,2017,86,5.230000019073491,1.07937383651733,1.4024167060852095,0.55258983373642,0.574873745441437,0.186967849731445,0.113945253193378
Greece,Western Europe,2017,87,5.227000236511231,1.28948748111725,1.23941457271576,0.0957312509417534,0.8101989030838009,0.0,0.04328977689147
Lebanon,Middle East and Northern Africa,2017,88,5.22499990463257,1.07498753070831,1.12962424755096,0.28851598501205394,0.7350810766220089,0.26445075869560203,0.037513829767704
Portugal,Western Europe,2017,89,5.19500017166138,1.3151752948761002,1.36704301834106,0.498465299606323,0.795843541622162,0.0951027125120163,0.0158694516867399
Bosnia and Herzegovina,Central and Eastern Europe,2017,90,5.18200016021729,0.982409417629242,1.0693359375,0.204403176903725,0.705186307430267,0.328867495059967,0.0
Honduras,Latin America and Caribbean,2017,91,5.1810002326965305,0.730573117733002,1.14394497871399,0.348079860210419,0.582569479942322,0.23618887364864305,0.0733454525470734
Macedonia,Central and Eastern Europe,2017,92,5.1750001907348615,1.06457793712616,1.20789301395416,0.325905978679657,0.644948184490204,0.25376096367836,0.0602777935564518
Somalia,Sub-Saharan Africa,2017,93,5.151000022888179,0.0226431842893362,0.7211513519287109,0.602126955986023,0.113989137113094,0.291631311178207,0.28241032361984303
Vietnam,Southeastern Asia,2017,94,5.07399988174438,0.7885475754737851,1.27749133110046,0.571055591106415,0.6521689891815191,0.234968051314354,0.0876332372426987
Nigeria,Sub-Saharan Africa,2017,95,5.07399988174438,0.783756256103516,1.21577048301697,0.394952565431595,0.0569157302379608,0.230947196483612,0.0261215660721064
Tajikistan,Central and Eastern Europe,2017,96,5.04099988937378,0.524713635444641,1.27146327495575,0.471566706895828,0.5292351245880129,0.24899764358997306,0.14637714624404902
Bhutan,Southern Asia,2017,97,5.01100015640259,0.885416388511658,1.3401265144348102,0.5015376806259161,0.495879292488098,0.474054545164108,0.17338038980960802
Kyrgyzstan,Central and Eastern Europe,2017,98,5.0040001869201705,0.5962200760841371,1.39423859119415,0.454943388700485,0.553457796573639,0.42858037352562,0.0394391790032387
Nepal,Southern Asia,2017,99,4.961999893188481,0.479820191860199,1.17928326129913,0.4403059482574461,0.504130780696869,0.3940961658954621,0.0729755461215973
Mongolia,Eastern Asia,2017,100,4.95499992370605,1.02723586559296,1.4930112361908,0.3941439688205721,0.557783484458923,0.338464230298996,0.0329022891819477
South Africa,Sub-Saharan Africa,2017,101,4.8289999961853,1.05469870567322,1.38478863239288,0.479246735572815,0.18708007037639604,0.13936237990856198,0.0725094974040985
Tunisia,Middle East and Northern Africa,2017,102,4.80499982833862,1.00726580619812,0.8683514595031742,0.289680689573288,0.613212049007416,0.0496933571994305,0.0867231488227844
Palestinian Territories,Middle East and Northern Africa,2017,103,4.77500009536743,0.716249227523804,1.15564715862274,0.25471106171608,0.565666973590851,0.114173173904419,0.0892826020717621
Egypt,Middle East and Northern Africa,2017,104,4.7350001335144,0.989701807498932,0.997471392154694,0.28211015462875394,0.520187258720398,0.128631442785263,0.114381365478039
Bulgaria,Central and Eastern Europe,2017,105,4.71400022506714,1.1614590883255,1.43437945842743,0.2892317175865169,0.708217680454254,0.113177694380283,0.0110515309497714
Sierra Leone,Sub-Saharan Africa,2017,106,4.70900011062622,0.36842092871666,0.984136044979095,0.318697690963745,0.005564753897488121,0.293040901422501,0.0710951760411263
Cameroon,Sub-Saharan Africa,2017,107,4.69500017166138,0.564305365085602,0.946018218994141,0.430388748645782,0.132892116904259,0.23629845678806305,0.0513066314160824
Iran,Middle East and Northern Africa,2017,108,4.69199991226196,1.15687310695648,0.7115512490272521,0.24932260811328896,0.639333188533783,0.387242913246155,0.048761073499918005
Albania,Central and Eastern Europe,2017,109,4.64400005340576,0.996192753314972,0.8036852478981021,0.381498634815216,0.731159746646881,0.201312944293022,0.0398642159998417
Bangladesh,Southern Asia,2017,110,4.60799980163574,0.586682975292206,0.735131740570068,0.478356659412384,0.533241033554077,0.17225535213947304,0.123717859387398
Namibia,Sub-Saharan Africa,2017,111,4.57399988174438,0.964434325695038,1.0984708070755,0.520303547382355,0.33861181139946,0.0771337449550629,0.0931469723582268
Kenya,Sub-Saharan Africa,2017,112,4.55299997329712,0.560479462146759,1.06795072555542,0.452763766050339,0.30998834967613204,0.444860309362411,0.0646413192152977
Mozambique,Sub-Saharan Africa,2017,113,4.5500001907348615,0.234305649995804,0.870701014995575,0.480791091918945,0.106654435396194,0.322228103876114,0.17943638563156106
Myanmar,Southeastern Asia,2017,114,4.54500007629395,0.36711055040359497,1.12323594093323,0.514492034912109,0.397522568702698,0.8380751609802249,0.188816204667091
Senegal,Sub-Saharan Africa,2017,115,4.53499984741211,0.479309022426605,1.17969191074371,0.37792226672172496,0.409362852573395,0.183468893170357,0.115460447967052
Zambia,Sub-Saharan Africa,2017,116,4.513999938964839,0.6364067792892459,1.00318729877472,0.461603492498398,0.25783589482307395,0.249580144882202,0.0782135501503944
Iraq,Middle East and Northern Africa,2017,117,4.49700021743774,1.1027104854583702,0.978613197803497,0.288555532693863,0.501180469989777,0.19963726401329,0.107215754687786
Gabon,Sub-Saharan Africa,2017,118,4.46500015258789,1.1982102394104,1.1556202173233,0.31232857704162603,0.35657858848571794,0.0437853783369064,0.0760467872023582
Ethiopia,Sub-Saharan Africa,2017,119,4.46000003814697,0.339233845472336,0.8646692037582401,0.408842742443085,0.353409707546234,0.31265074014663696,0.16545571386814098
Sri Lanka,Southern Asia,2017,120,4.44000005722046,1.00985014438629,1.25997638702393,0.561213254928589,0.625130832195282,0.490863561630249,0.0736539661884308
Armenia,Central and Eastern Europe,2017,121,4.37599992752075,0.900596737861633,1.00748372077942,0.198303267359734,0.637524425983429,0.0834880918264389,0.0266744215041399
India,Southern Asia,2017,122,4.31500005722046,0.7922212481498722,0.754372596740723,0.469987004995346,0.455427616834641,0.23153848946094505,0.0922268852591515
Mauritania,Sub-Saharan Africa,2017,123,4.29199981689453,0.6484572887420649,1.2720308303833,0.0960980430245399,0.285349279642105,0.201870024204254,0.136957004666328
Congo (Brazzaville),Sub-Saharan Africa,2017,124,4.29099988937378,0.8089642524719242,0.8320443630218509,0.4350258708000179,0.28995743393898,0.12085212767124197,0.0796181336045265
Georgia,Central and Eastern Europe,2017,125,4.28599977493286,0.950612664222717,0.57061493396759,0.309410035610199,0.649546980857849,0.0540088154375553,0.25166663527488703
Congo (Kinshasa),Sub-Saharan Africa,2017,126,4.280000209808351,0.0921023488044739,1.22902345657349,0.235961347818375,0.191407024860382,0.246455833315849,0.0602413564920425
Mali,Sub-Saharan Africa,2017,127,4.19000005722046,0.476180493831635,1.2814733982086202,0.306613743305206,0.16936567425727805,0.183354198932648,0.10497024655342098
Ivory Coast,Sub-Saharan Africa,2017,128,4.17999982833862,0.6030489206314089,0.904780030250549,0.4477061927318571,0.0486421696841717,0.201237469911575,0.130061775445938
Cambodia,Southeastern Asia,2017,129,4.1680002212524405,0.6017650961875921,1.00623834133148,0.633375823497772,0.429783403873444,0.385922968387604,0.0681059509515762
Sudan,Sub-Saharan Africa,2017,130,4.138999938964839,0.6595166921615601,1.21400856971741,0.0149958552792668,0.290920823812485,0.182317450642586,0.089847519993782
Ghana,Sub-Saharan Africa,2017,131,4.11999988555908,0.667224824428558,0.873664736747742,0.423026293516159,0.29563772678375205,0.25692394375801103,0.0253363698720932
Ukraine,Central and Eastern Europe,2017,132,4.09600019454956,0.89465194940567,1.39453756809235,0.122974775731564,0.575903952121735,0.270061463117599,0.0230294708162546
Uganda,Sub-Saharan Africa,2017,133,4.08099985122681,0.381430715322495,1.12982773780823,0.443185955286026,0.21763260662555706,0.32576605677604703,0.057069718837738
Burkina Faso,Sub-Saharan Africa,2017,134,4.03200006484985,0.3502277135849001,1.04328000545502,0.32436785101890603,0.21584425866603896,0.250864684581757,0.12032810598611805
Niger,Sub-Saharan Africa,2017,135,4.02799987792969,0.16192533075809498,0.993025004863739,0.36365869641304,0.26850500702858,0.228673845529556,0.13857294619083402
Malawi,Sub-Saharan Africa,2017,136,3.97000002861023,0.233442038297653,0.5125688314437871,0.466914653778076,0.315089583396912,0.28717046976089505,0.0727116540074348
Chad,Sub-Saharan Africa,2017,137,3.9360001087188703,0.43801298737525896,0.953855872154236,0.16234202682972002,0.0411347150802612,0.216113850474358,0.0535818822681904
Zimbabwe,Sub-Saharan Africa,2017,138,3.875,0.3758465349674221,1.08309590816498,0.336384207010269,0.19676375389099104,0.189143493771553,0.0953753814101219
Lesotho,Sub-Saharan Africa,2017,139,3.80800008773804,0.521021246910095,1.19009518623352,0.390661299228668,0.0,0.157497271895409,0.119094640016556
Angola,Sub-Saharan Africa,2017,140,3.79500007629395,0.8584281802177429,1.10441195964813,0.0,0.0498686656355858,0.09792649000883097,0.0697203353047371
Afghanistan,Southern Asia,2017,141,3.79399991035461,0.401477217674255,0.581543326377869,0.106179520487785,0.18074677884578694,0.311870932579041,0.0611578300595284
Botswana,Sub-Saharan Africa,2017,142,3.7660000324249294,1.12209415435791,1.22155499458313,0.505196332931519,0.34175550937652605,0.0993484482169151,0.0985831990838051
Benin,Sub-Saharan Africa,2017,143,3.65700006484985,0.43108540773391707,0.435299843549728,0.42596277594566295,0.20993021130561804,0.207948461174965,0.0609290152788162
Madagascar,Sub-Saharan Africa,2017,144,3.64400005340576,0.305808693170547,0.9130203723907472,0.18919676542282104,0.375223308801651,0.208732530474663,0.0672319754958153
Haiti,Latin America and Caribbean,2017,145,3.6029999256134,0.368610262870789,0.640449821949005,0.0303698573261499,0.277321130037308,0.4892037808895109,0.0998721495270729
Yemen,Middle East and Northern Africa,2017,146,3.59299993515015,0.5916834473609921,0.93538224697113,0.24946372210979506,0.310080915689468,0.104125209152699,0.0567674227058887
South Sudan,Sub-Saharan Africa,2017,147,3.5910000801086404,0.39724862575531,0.601323127746582,0.147062435746193,0.163486003875732,0.285670816898346,0.116793513298035
Liberia,Sub-Saharan Africa,2017,148,3.532999992370609,0.119041793048382,0.8721179366111759,0.33288118243217496,0.229918196797371,0.26654988527298,0.0389482490718365
Guinea,Sub-Saharan Africa,2017,149,3.50699996948242,0.24454993009567305,0.7912446856498722,0.348587512969971,0.194129139184952,0.264815092086792,0.110937617719173
Togo,Sub-Saharan Africa,2017,150,3.4949998855590803,0.3054447174072269,0.4318825304508211,0.38042613863945,0.247105568647385,0.19689615070819896,0.0956650152802467
Rwanda,Sub-Saharan Africa,2017,151,3.47099995613098,0.368745893239975,0.945707023143768,0.5818438529968261,0.326424807310104,0.2527560293674469,0.455220013856888
Syria,Middle East and Northern Africa,2017,152,3.46199989318848,0.777153134346008,0.396102607250214,0.0815394446253777,0.5005333423614501,0.493663728237152,0.15134713053703305
Tanzania,Sub-Saharan Africa,2017,153,3.34899997711182,0.511135876178741,1.04198980331421,0.390017777681351,0.364509284496307,0.354256361722946,0.0660351067781448
Burundi,Sub-Saharan Africa,2017,154,2.90499997138977,0.091622568666935,0.629793584346771,0.0599007532000542,0.151610791683197,0.20443518459796894,0.0841479450464249
Central African Republic,Sub-Saharan Africa,2017,155,2.69300007820129,0.0,0.0,0.270842045545578,0.0187726859003305,0.280876487493515,0.0565650761127472
